global_step,epoch,step,train_loss
1,1,1,0.6801834106445312
2,1,2,0.6741852760314941
3,1,3,0.673259973526001
4,1,4,0.6736200451850891
5,1,5,0.6806324124336243
6,1,6,0.6660162210464478
7,1,7,0.6786665916442871
8,1,8,0.6727104783058167
9,1,9,0.6712655425071716
10,1,10,0.6677976846694946
11,1,11,0.6693903803825378
12,1,12,0.6667914390563965
13,1,13,0.6497734785079956
14,1,14,0.6503474116325378
15,1,15,0.6562949419021606
16,1,16,0.6452224850654602
17,1,17,0.6413097381591797
18,1,18,0.6427786350250244
19,1,19,0.6393812894821167
20,1,20,0.6458705067634583
21,1,21,0.62423175573349
22,1,22,0.6230593919754028
23,1,23,0.6161109209060669
24,1,24,0.6186086535453796
25,1,25,0.6081363558769226
26,1,26,0.5951094031333923
27,1,27,0.6008402705192566
28,1,28,0.573593020439148
29,1,29,0.5626421570777893
30,1,30,0.5707033276557922
31,1,31,0.5652042627334595
32,1,32,0.5453112721443176
33,1,33,0.5429747700691223
34,1,34,0.5225387811660767
35,1,35,0.5054551362991333
36,1,36,0.5111891627311707
37,1,37,0.49785488843917847
38,1,38,0.4783584475517273
39,1,39,0.47682619094848633
40,1,40,0.46346330642700195
41,1,41,0.44990381598472595
42,1,42,0.44648805260658264
43,1,43,0.41186338663101196
44,1,44,0.40647798776626587
45,1,45,0.4120473265647888
46,1,46,0.39214253425598145
47,1,47,0.37013453245162964
48,1,48,0.36329907178878784
49,1,49,0.35781973600387573
50,1,50,0.34093189239501953
51,1,51,0.3395313620567322
52,1,52,0.32525634765625
53,1,53,0.32121196389198303
54,1,54,0.3362029492855072
55,1,55,0.28811368346214294
56,1,56,0.2979242205619812
57,1,57,0.2752774655818939
58,1,58,0.2993629574775696
59,1,59,0.2690911293029785
60,1,60,0.2774370312690735
61,1,61,0.2528722882270813
62,1,62,0.2584589123725891
63,1,63,0.2611571252346039
64,1,64,0.2538289427757263
65,1,65,0.25032442808151245
66,1,66,0.2184004783630371
67,1,67,0.21554608643054962
68,1,68,0.22056850790977478
69,1,69,0.2175498902797699
70,1,70,0.23766294121742249
71,1,71,0.20367386937141418
72,1,72,0.20531997084617615
73,1,73,0.18850640952587128
74,1,74,0.1926974505186081
75,1,75,0.1943185031414032
76,1,76,0.20538321137428284
77,1,77,0.17324002087116241
78,1,78,0.17135342955589294
79,1,79,0.1793406456708908
80,1,80,0.17629995942115784
81,1,81,0.22101786732673645
82,1,82,0.1719931662082672
83,1,83,0.16176697611808777
84,1,84,0.15791375935077667
85,1,85,0.15815742313861847
86,1,86,0.14855128526687622
87,1,87,0.15049652755260468
88,1,88,0.14938236773014069
89,1,89,0.14124491810798645
90,1,90,0.1425643265247345
91,1,91,0.16026708483695984
92,1,92,0.1362350881099701
93,1,93,0.13845062255859375
94,1,94,0.13966664671897888
95,1,95,0.1399526298046112
96,1,96,0.13147473335266113
97,1,97,0.1212550550699234
98,1,98,0.12110072374343872
99,1,99,0.14735715091228485
100,1,100,0.12126116454601288
101,1,101,0.12156686931848526
102,1,102,0.11750900745391846
103,1,103,0.1105862706899643
104,1,104,0.12234232574701309
105,1,105,0.10322126001119614
106,1,106,0.11876711994409561
107,1,107,0.10591473430395126
108,1,108,0.10932648181915283
109,1,109,0.09469757229089737
110,1,110,0.1022280678153038
111,1,111,0.10970763862133026
112,1,112,0.102678582072258
113,1,113,0.10573617368936539
114,1,114,0.09771686047315598
115,1,115,0.09641571342945099
116,1,116,0.09570608288049698
117,1,117,0.10123083740472794
118,1,118,0.10251810401678085
119,1,119,0.10519804060459137
120,1,120,0.11643171310424805
121,1,121,0.09596791863441467
122,1,122,0.09456613659858704
123,1,123,0.0836399644613266
124,1,124,0.08680067956447601
125,1,125,0.07414869964122772
126,1,126,0.09213854372501373
127,1,127,0.09459446370601654
128,1,128,0.08549942821264267
129,1,129,0.09311224520206451
130,1,130,0.07401803135871887
131,1,131,0.08577665686607361
132,1,132,0.0787263959646225
133,1,133,0.08028045296669006
134,1,134,0.08857320994138718
135,1,135,0.07869284600019455
136,1,136,0.07336123287677765
137,1,137,0.06871043145656586
138,1,138,0.07884634286165237
139,1,139,0.08011947572231293
140,1,140,0.0757341980934143
141,1,141,0.0688784271478653
142,1,142,0.07901718467473984
143,1,143,0.0723995640873909
144,1,144,0.07537387311458588
145,1,145,0.06912519037723541
146,1,146,0.07782147824764252
147,1,147,0.0700388252735138
148,1,148,0.06671512871980667
149,1,149,0.06512618064880371
150,1,150,0.07173721492290497
151,1,151,0.06953593343496323
152,1,152,0.06601028144359589
153,1,153,0.06745205819606781
154,1,154,0.0674586072564125
155,1,155,0.06685688346624374
156,1,156,0.056720562279224396
157,1,157,0.06028961390256882
158,1,158,0.06860847026109695
159,1,159,0.07125185430049896
160,1,160,0.05500784516334534
161,1,161,0.05613510683178902
162,1,162,0.0533401295542717
163,1,163,0.05589643865823746
164,1,164,0.05939601734280586
165,1,165,0.05770900100469589
166,1,166,0.056756146252155304
167,1,167,0.053378403186798096
168,1,168,0.058108437806367874
169,1,169,0.05371950939297676
170,1,170,0.053309280425310135
171,1,171,0.04824273660778999
172,1,172,0.05462603643536568
173,1,173,0.05286705493927002
174,1,174,0.04872418940067291
175,1,175,0.05104764550924301
176,1,176,0.05297327786684036
177,1,177,0.05477720499038696
178,1,178,0.04891565814614296
179,1,179,0.04625653102993965
180,1,180,0.050784576684236526
181,1,181,0.054929208010435104
182,1,182,0.04651343822479248
183,1,183,0.05030149221420288
184,1,184,0.04439381882548332
185,1,185,0.0463746152818203
186,1,186,0.04529944807291031
187,1,187,0.045757636427879333
188,1,188,0.04314366355538368
189,1,189,0.04533381015062332
190,1,190,0.041233573108911514
191,1,191,0.04411374405026436
192,1,192,0.048221148550510406
193,1,193,0.04829439893364906
194,1,194,0.05852668359875679
195,1,195,0.046099863946437836
196,1,196,0.039486974477767944
197,1,197,0.04158560186624527
198,1,198,0.039562907069921494
199,1,199,0.038143858313560486
200,1,200,0.04201037809252739
201,1,201,0.04171951860189438
202,1,202,0.04143171012401581
203,1,203,0.03712209314107895
204,1,204,0.0458468459546566
205,1,205,0.04273183271288872
206,1,206,0.03770420700311661
207,1,207,0.034794241189956665
208,1,208,0.03684183955192566
209,1,209,0.0428578145802021
210,1,210,0.03609844297170639
211,1,211,0.035946451127529144
212,1,212,0.03726906701922417
213,1,213,0.037446003407239914
214,1,214,0.03366968780755997
215,1,215,0.03631174936890602
216,1,216,0.04069121927022934
217,1,217,0.03426038473844528
218,1,218,0.03660497069358826
219,1,219,0.03541991114616394
220,1,220,0.03258233517408371
221,1,221,0.03436747193336487
222,1,222,0.03536417335271835
223,1,223,0.03451267629861832
224,1,224,0.034877531230449677
225,1,225,0.032960280776023865
226,1,226,0.029998835176229477
227,1,227,0.03265916556119919
228,1,228,0.03784102946519852
229,1,229,0.03250042349100113
230,1,230,0.03631024807691574
231,1,231,0.035367269068956375
232,1,232,0.03351392224431038
233,1,233,0.03105946257710457
234,1,234,0.030616778880357742
235,1,235,0.032097525894641876
236,1,236,0.032324206084012985
237,1,237,0.030491631478071213
238,1,238,0.029537346214056015
239,1,239,0.028868000954389572
240,1,240,0.031759124249219894
241,1,241,0.029029617086052895
242,1,242,0.028627464547753334
243,1,243,0.03132329136133194
244,1,244,0.029582694172859192
245,1,245,0.031552448868751526
246,1,246,0.029593098908662796
247,1,247,0.029042785987257957
248,1,248,0.027297044172883034
249,1,249,0.028019333258271217
250,1,250,0.02480223774909973
251,1,251,0.030317286029458046
252,1,252,0.030300309881567955
253,1,253,0.02774076536297798
254,1,254,0.029386406764388084
255,1,255,0.02696002461016178
256,1,256,0.026690196245908737
257,1,257,0.026622429490089417
258,1,258,0.024747639894485474
259,1,259,0.026195287704467773
260,1,260,0.03065558709204197
261,1,261,0.024163061752915382
262,1,262,0.023353219032287598
263,1,263,0.024591919034719467
264,1,264,0.026135986670851707
265,1,265,0.024427343159914017
266,1,266,0.02358582243323326
267,1,267,0.021872874349355698
268,1,268,0.02520892396569252
269,1,269,0.027958009392023087
270,1,270,0.025194397196173668
271,1,271,0.025991937145590782
272,1,272,0.02564133331179619
273,1,273,0.023971688002347946
274,1,274,0.024336572736501694
275,1,275,0.02134721353650093
276,1,276,0.021117668598890305
277,1,277,0.0241490937769413
278,1,278,0.022115230560302734
279,1,279,0.026981916278600693
280,1,280,0.02229764685034752
281,1,281,0.019910458475351334
282,1,282,0.021041184663772583
283,1,283,0.022016171365976334
284,1,284,0.024541199207305908
285,1,285,0.021846827119588852
286,1,286,0.02235150896012783
287,1,287,0.022044500336050987
288,1,288,0.019930396229028702
289,1,289,0.02381964586675167
290,1,290,0.01980256661772728
291,1,291,0.02096668817102909
292,1,292,0.020584141835570335
293,1,293,0.02080550231039524
294,1,294,0.019672727212309837
295,1,295,0.020129922777414322
296,1,296,0.018539324402809143
297,1,297,0.019351258873939514
298,1,298,0.022300858050584793
299,1,299,0.021560538560152054
300,1,300,0.02183230221271515
301,1,301,0.021085640415549278
302,1,302,0.018964257091283798
303,1,303,0.021503889933228493
304,1,304,0.017620917409658432
305,1,305,0.019901221618056297
306,1,306,0.018408214673399925
307,1,307,0.01779039576649666
308,1,308,0.018813535571098328
309,1,309,0.020253043621778488
310,1,310,0.015681076794862747
311,1,311,0.01769542135298252
312,1,312,0.01673370972275734
313,1,313,0.016666755080223083
314,1,314,0.017737234011292458
315,1,315,0.016381453722715378
316,1,316,0.018941497430205345
317,1,317,0.01812007650732994
318,1,318,0.019588803872466087
319,1,319,0.015230235643684864
320,1,320,0.01467177551239729
321,1,321,0.01838248409330845
322,1,322,0.016748052090406418
323,1,323,0.015712913125753403
324,1,324,0.016316747292876244
325,1,325,0.014516377821564674
326,1,326,0.01968584954738617
327,1,327,0.017148489132523537
328,1,328,0.016697179526090622
329,1,329,0.01812126860022545
330,1,330,0.014697030186653137
331,1,331,0.016989341005682945
332,1,332,0.015746930614113808
333,1,333,0.020041251555085182
334,1,334,0.014543128199875355
335,1,335,0.014845269732177258
336,1,336,0.015569919720292091
337,1,337,0.013923043385148048
338,1,338,0.015375301241874695
339,2,1,0.01387643814086914
340,2,2,0.015190253034234047
341,2,3,0.0172262080013752
342,2,4,0.013361352495849133
343,2,5,0.015620386227965355
344,2,6,0.015186106786131859
345,2,7,0.012926420196890831
346,2,8,0.015230059623718262
347,2,9,0.013558978214859962
348,2,10,0.014903408475220203
349,2,11,0.015028933063149452
350,2,12,0.014719357714056969
351,2,13,0.01413213275372982
352,2,14,0.014728307723999023
353,2,15,0.014813008718192577
354,2,16,0.013054964132606983
355,2,17,0.01079506240785122
356,2,18,0.01464966218918562
357,2,19,0.014235374517738819
358,2,20,0.013502326793968678
359,2,21,0.011156285181641579
360,2,22,0.012774121947586536
361,2,23,0.014074495062232018
362,2,24,0.012931203469634056
363,2,25,0.013153871521353722
364,2,26,0.012720877304673195
365,2,27,0.012569308280944824
366,2,28,0.014374288730323315
367,2,29,0.010846096090972424
368,2,30,0.012414922937750816
369,2,31,0.014455514959990978
370,2,32,0.01625070534646511
371,2,33,0.016682405024766922
372,2,34,0.01253758929669857
373,2,35,0.012190336361527443
374,2,36,0.012835675850510597
375,2,37,0.013062936253845692
376,2,38,0.012776101008057594
377,2,39,0.013128739781677723
378,2,40,0.013988289050757885
379,2,41,0.010919695720076561
380,2,42,0.011536317877471447
381,2,43,0.01387244462966919
382,2,44,0.01156342588365078
383,2,45,0.01230053324252367
384,2,46,0.011271839961409569
385,2,47,0.014114603400230408
386,2,48,0.012285387143492699
387,2,49,0.010595923289656639
388,2,50,0.011773189529776573
389,2,51,0.01163280289620161
390,2,52,0.01038149930536747
391,2,53,0.012410655617713928
392,2,54,0.013083082623779774
393,2,55,0.011330056004226208
394,2,56,0.01187501847743988
395,2,57,0.011634794063866138
396,2,58,0.011588218621909618
397,2,59,0.01262559276074171
398,2,60,0.010320940986275673
399,2,61,0.012037182226777077
400,2,62,0.011669004335999489
401,2,63,0.011476188898086548
402,2,64,0.011793544515967369
403,2,65,0.01134232897311449
404,2,66,0.010487997904419899
405,2,67,0.01202294509857893
406,2,68,0.011226704344153404
407,2,69,0.010782917961478233
408,2,70,0.009127927012741566
409,2,71,0.009367620572447777
410,2,72,0.01206115446984768
411,2,73,0.010466540232300758
412,2,74,0.01261894404888153
413,2,75,0.010521900840103626
414,2,76,0.012166490778326988
415,2,77,0.010158354416489601
416,2,78,0.010535257868468761
417,2,79,0.01031242311000824
418,2,80,0.00928004365414381
419,2,81,0.010903882794082165
420,2,82,0.009155330248177052
421,2,83,0.010076743550598621
422,2,84,0.008129984140396118
423,2,85,0.011143961921334267
424,2,86,0.008993282914161682
425,2,87,0.01054206769913435
426,2,88,0.011503005400300026
427,2,89,0.010962489061057568
428,2,90,0.00901425164192915
429,2,91,0.010806429199874401
430,2,92,0.00804110150784254
431,2,93,0.008906474336981773
432,2,94,0.008870947174727917
433,2,95,0.009112054482102394
434,2,96,0.01025128923356533
435,2,97,0.007994565181434155
436,2,98,0.010470116510987282
437,2,99,0.008310288190841675
438,2,100,0.008859490975737572
439,2,101,0.008745226077735424
440,2,102,0.00749127846211195
441,2,103,0.008571240119636059
442,2,104,0.008901694789528847
443,2,105,0.008914840407669544
444,2,106,0.00938472431153059
445,2,107,0.009955045767128468
446,2,108,0.008801326155662537
447,2,109,0.009330290369689465
448,2,110,0.009398818016052246
449,2,111,0.007795953657478094
450,2,112,0.008489063009619713
451,2,113,0.009865140542387962
452,2,114,0.009306269697844982
453,2,115,0.010290193371474743
454,2,116,0.009029150009155273
455,2,117,0.010148286819458008
456,2,118,0.009455442428588867
457,2,119,0.008470987901091576
458,2,120,0.008032327517867088
459,2,121,0.010511395521461964
460,2,122,0.007391339633613825
461,2,123,0.011620452627539635
462,2,124,0.009690916165709496
463,2,125,0.008776044473052025
464,2,126,0.007581597659736872
465,2,127,0.007698506116867065
466,2,128,0.008211096748709679
467,2,129,0.009071171283721924
468,2,130,0.007041850592941046
469,2,131,0.007590338587760925
470,2,132,0.008492317982017994
471,2,133,0.007104638032615185
472,2,134,0.008383220061659813
473,2,135,0.007565977983176708
474,2,136,0.0077027855440974236
475,2,137,0.008501365780830383
476,2,138,0.00820002518594265
477,2,139,0.0081860963255167
478,2,140,0.008260771632194519
479,2,141,0.00856055598706007
480,2,142,0.007078319787979126
481,2,143,0.007384610362350941
482,2,144,0.007259458303451538
483,2,145,0.00782041810452938
484,2,146,0.007840585894882679
485,2,147,0.00658378005027771
486,2,148,0.008486056700348854
487,2,149,0.007066050078719854
488,2,150,0.007710978388786316
489,2,151,0.006514263339340687
490,2,152,0.008519509807229042
491,2,153,0.007653736975044012
492,2,154,0.006632903125137091
493,2,155,0.00679624080657959
494,2,156,0.008826097473502159
495,2,157,0.006367817521095276
496,2,158,0.006683659739792347
497,2,159,0.007081302814185619
498,2,160,0.007938426919281483
499,2,161,0.006699982099235058
500,2,162,0.006865269038826227
501,2,163,0.007084968499839306
502,2,164,0.007229450158774853
503,2,165,0.00797448493540287
504,2,166,0.007273122668266296
505,2,167,0.007191565819084644
506,2,168,0.00765965273603797
507,2,169,0.00640712957829237
508,2,170,0.006119859404861927
509,2,171,0.0070634037256240845
510,2,172,0.006792736239731312
511,2,173,0.007308942265808582
512,2,174,0.006401553750038147
513,2,175,0.007222592830657959
514,2,176,0.007774928119033575
515,2,177,0.006765064783394337
516,2,178,0.007993107661604881
517,2,179,0.0070154787972569466
518,2,180,0.006420567631721497
519,2,181,0.005575874354690313
520,2,182,0.005820071790367365
521,2,183,0.006369113922119141
522,2,184,0.006535503081977367
523,2,185,0.006826790980994701
524,2,186,0.006098568439483643
525,2,187,0.007422685623168945
526,2,188,0.0063440799713134766
527,2,189,0.007013398222625256
528,2,190,0.006107503082603216
529,2,191,0.006338304374366999
530,2,192,0.00715231616050005
531,2,193,0.005765593145042658
532,2,194,0.005930694751441479
533,2,195,0.005614873953163624
534,2,196,0.005034720990806818
535,2,197,0.007816189900040627
536,2,198,0.006761917378753424
537,2,199,0.005900311283767223
538,2,200,0.006223747041076422
539,2,201,0.007062727119773626
540,2,202,0.0066441684029996395
541,2,203,0.0064180465415120125
542,2,204,0.005223578307777643
543,2,205,0.006665900349617004
544,2,206,0.005951672792434692
545,2,207,0.005902454257011414
546,2,208,0.006592354271560907
547,2,209,0.007176938466727734
548,2,210,0.005718335509300232
549,2,211,0.0056548654101789
550,2,212,0.006366834044456482
551,2,213,0.005736610386520624
552,2,214,0.006645572371780872
553,2,215,0.005857151933014393
554,2,216,0.004830485675483942
555,2,217,0.005141600966453552
556,2,218,0.005977266933768988
557,2,219,0.005600231699645519
558,2,220,0.006211483385413885
559,2,221,0.0065955729223787785
560,2,222,0.0050057945773005486
561,2,223,0.005919945426285267
562,2,224,0.005604854319244623
563,2,225,0.004942262079566717
564,2,226,0.006169351749122143
565,2,227,0.005605277605354786
566,2,228,0.006427973508834839
567,2,229,0.006750169210135937
568,2,230,0.00555438082665205
569,2,231,0.0055504292249679565
570,2,232,0.004864716436713934
571,2,233,0.005084860138595104
572,2,234,0.004673868417739868
573,2,235,0.00544643122702837
574,2,236,0.006082266569137573
575,2,237,0.0050375135615468025
576,2,238,0.004826718475669622
577,2,239,0.005521777085959911
578,2,240,0.005970475263893604
579,2,241,0.004972585942596197
580,2,242,0.004992321133613586
581,2,243,0.005817508790642023
582,2,244,0.005132833030074835
583,2,245,0.005279350094497204
584,2,246,0.006753000430762768
585,2,247,0.004562348127365112
586,2,248,0.0048149349167943
587,2,249,0.005896130111068487
588,2,250,0.0046910494565963745
589,2,251,0.0044990358874201775
590,2,252,0.004512357525527477
591,2,253,0.005832597613334656
592,2,254,0.006057259626686573
593,2,255,0.005733692552894354
594,2,256,0.0056757330894470215
595,2,257,0.004492601845413446
596,2,258,0.005291596055030823
597,2,259,0.005000972654670477
598,2,260,0.005239808466285467
599,2,261,0.004808181431144476
600,2,262,0.004507839679718018
601,2,263,0.005268705077469349
602,2,264,0.005426889751106501
603,2,265,0.0068730683997273445
604,2,266,0.005349284503608942
605,2,267,0.005611604545265436
606,2,268,0.004930445458739996
607,2,269,0.005522298626601696
608,2,270,0.004836365580558777
609,2,271,0.004471677355468273
610,2,272,0.004563760943710804
611,2,273,0.005612838082015514
612,2,274,0.004832413978874683
613,2,275,0.004778927657753229
614,2,276,0.005331286694854498
615,2,277,0.005941951181739569
616,2,278,0.005098626017570496
617,2,279,0.004594308324158192
618,2,280,0.004495603032410145
619,2,281,0.0048607112839818
620,2,282,0.0046560438349843025
621,2,283,0.005675607826560736
622,2,284,0.005532026290893555
623,2,285,0.004493099637329578
624,2,286,0.004457217641174793
625,2,287,0.004654082469642162
626,2,288,0.004504409618675709
627,2,289,0.004898590035736561
628,2,290,0.004347163252532482
629,2,291,0.005090764258056879
630,2,292,0.0048201619647443295
631,2,293,0.004575637169182301
632,2,294,0.004569029901176691
633,2,295,0.005006471183151007
634,2,296,0.004978415556252003
635,2,297,0.004100507590919733
636,2,298,0.004696083255112171
637,2,299,0.004468852188438177
638,2,300,0.004801410250365734
639,2,301,0.004965665750205517
640,2,302,0.005173486657440662
641,2,303,0.004128128290176392
642,2,304,0.004011687822639942
643,2,305,0.004326277878135443
644,2,306,0.0050408365204930305
645,2,307,0.0038075328338891268
646,2,308,0.004756033420562744
647,2,309,0.0038559616077691317
648,2,310,0.004740768577903509
649,2,311,0.0037573217414319515
650,2,312,0.00582297146320343
651,2,313,0.003898218274116516
652,2,314,0.004600256681442261
653,2,315,0.0038585930597037077
654,2,316,0.004342230968177319
655,2,317,0.003978893160820007
656,2,318,0.005287489388138056
657,2,319,0.004711744375526905
658,2,320,0.0035693764220923185
659,2,321,0.0044152080081403255
660,2,322,0.004623117856681347
661,2,323,0.004527345299720764
662,2,324,0.004881599452346563
663,2,325,0.0042327106930315495
664,2,326,0.004603100009262562
665,2,327,0.003754353616386652
666,2,328,0.003677535103634
667,2,329,0.0037234961055219173
668,2,330,0.0038793415296822786
669,2,331,0.004497438669204712
670,2,332,0.003520286176353693
671,2,333,0.0037343441508710384
672,2,334,0.004316419363021851
673,2,335,0.003638488007709384
674,2,336,0.00467333197593689
675,2,337,0.004084828309714794
676,2,338,0.004545641131699085
677,3,1,0.0036750496365129948
678,3,2,0.0033591389656066895
679,3,3,0.004125738050788641
680,3,4,0.004386586137115955
681,3,5,0.0040031312964856625
682,3,6,0.0037732005584985018
683,3,7,0.004453414585441351
684,3,8,0.004004699178040028
685,3,9,0.004021859262138605
686,3,10,0.0038110227324068546
687,3,11,0.003871715161949396
688,3,12,0.003344812896102667
689,3,13,0.003189289476722479
690,3,14,0.003621601965278387
691,3,15,0.0039055943489074707
692,3,16,0.0038587809540331364
693,3,17,0.004003840498626232
694,3,18,0.0045125484466552734
695,3,19,0.004679152276366949
696,3,20,0.0036966740153729916
697,3,21,0.0038071037270128727
698,3,22,0.004237842746078968
699,3,23,0.003948611207306385
700,3,24,0.004599419422447681
701,3,25,0.0034168302081525326
702,3,26,0.0033388733863830566
703,3,27,0.004091382026672363
704,3,28,0.0035633861552923918
705,3,29,0.0035094290506094694
706,3,30,0.003648898098617792
707,3,31,0.0039726970717310905
708,3,32,0.0037293434143066406
709,3,33,0.003743880894035101
710,3,34,0.004499569535255432
711,3,35,0.003885176731273532
712,3,36,0.0036523998714983463
713,3,37,0.0038533180486410856
714,3,38,0.00330999493598938
715,3,39,0.003784283995628357
716,3,40,0.004534521605819464
717,3,41,0.004014653153717518
718,3,42,0.0047190189361572266
719,3,43,0.003539538476616144
720,3,44,0.003848087741062045
721,3,45,0.0047876001335680485
722,3,46,0.0035362064372748137
723,3,47,0.003735959529876709
724,3,48,0.0035080432426184416
725,3,49,0.00347292423248291
726,3,50,0.0030671239364892244
727,3,51,0.0043516396544873714
728,3,52,0.004092463757842779
729,3,53,0.0034213245380669832
730,3,54,0.0035598098766058683
731,3,55,0.003912937827408314
732,3,56,0.0033340812660753727
733,3,57,0.003364306641742587
734,3,58,0.0029606639873236418
735,3,59,0.003975102212280035
736,3,60,0.003539645578712225
737,3,61,0.003761637257412076
738,3,62,0.004149606917053461
739,3,63,0.003033506916835904
740,3,64,0.004051709081977606
741,3,65,0.003283476922661066
742,3,66,0.0032777071464806795
743,3,67,0.003021377371624112
744,3,68,0.0035062909591943026
745,3,69,0.003286462975665927
746,3,70,0.003565821098163724
747,3,71,0.0028724968433380127
748,3,72,0.003498485777527094
749,3,73,0.003091704798862338
750,3,74,0.003941035363823175
751,3,75,0.003423333168029785
752,3,76,0.0028978765476495028
753,3,77,0.0037474394775927067
754,3,78,0.0033374191261827946
755,3,79,0.0030147372744977474
756,3,80,0.003669780446216464
757,3,81,0.0040703327395021915
758,3,82,0.003585663391277194
759,3,83,0.003350424813106656
760,3,84,0.002898389007896185
761,3,85,0.004016697406768799
762,3,86,0.003527653170749545
763,3,87,0.0035548806190490723
764,3,88,0.0030277192126959562
765,3,89,0.0028427839279174805
766,3,90,0.0034543394576758146
767,3,91,0.0036737502086907625
768,3,92,0.003460237290710211
769,3,93,0.0034231096506118774
770,3,94,0.003422516630962491
771,3,95,0.003835189389064908
772,3,96,0.0036042570136487484
773,3,97,0.0035952390171587467
774,3,98,0.0035207034088671207
775,3,99,0.0031628429424017668
776,3,100,0.0033760846126824617
777,3,101,0.003034186316654086
778,3,102,0.0031950236298143864
779,3,103,0.0037489384412765503
780,3,104,0.0033091336954385042
781,3,105,0.003318440867587924
782,3,106,0.0035788000095635653
783,3,107,0.0033351778984069824
784,3,108,0.003174996469169855
785,3,109,0.0038806467782706022
786,3,110,0.002540546702221036
787,3,111,0.0032150268089026213
788,3,112,0.003981396555900574
789,3,113,0.003233236027881503
790,3,114,0.003103405237197876
791,3,115,0.0027520000003278255
792,3,116,0.0031113922595977783
793,3,117,0.0035733641125261784
794,3,118,0.0036431909538805485
795,3,119,0.0026055872440338135
796,3,120,0.0027469396591186523
797,3,121,0.0027955949772149324
798,3,122,0.0030170083045959473
799,3,123,0.0023494004271924496
800,3,124,0.0034412979148328304
801,3,125,0.003403887152671814
802,3,126,0.0031109333503991365
803,3,127,0.003686279058456421
804,3,128,0.00239104637876153
805,3,129,0.0026973546482622623
806,3,130,0.0029178380500525236
807,3,131,0.00369146466255188
808,3,132,0.0027683675289154053
809,3,133,0.00297850975766778
810,3,134,0.002805727766826749
811,3,135,0.0032467693090438843
812,3,136,0.002945834305137396
813,3,137,0.002905332949012518
814,3,138,0.0031101168133318424
815,3,139,0.0030033946968615055
816,3,140,0.0023880600929260254
817,3,141,0.003030240535736084
818,3,142,0.0032536624930799007
819,3,143,0.003178030252456665
820,3,144,0.0031971752177923918
821,3,145,0.0022743642330169678
822,3,146,0.002322244690731168
823,3,147,0.0020672082901000977
824,3,148,0.002454316709190607
825,3,149,0.0035403191577643156
826,3,150,0.0032033652532845736
827,3,151,0.002631705952808261
828,3,152,0.002897965954616666
829,3,153,0.0036241053603589535
830,3,154,0.0025231479667127132
831,3,155,0.003422412322834134
832,3,156,0.003251111600548029
833,3,157,0.0027798116207122803
834,3,158,0.0036069215275347233
835,3,159,0.0030266703106462955
836,3,160,0.002261269139125943
837,3,161,0.0028200685046613216
838,3,162,0.002732306718826294
839,3,163,0.002678126096725464
840,3,164,0.003493598196655512
841,3,165,0.003296181559562683
842,3,166,0.002988791558891535
843,3,167,0.00317741627804935
844,3,168,0.0031299740076065063
845,3,169,0.003017628099769354
846,3,170,0.002415955066680908
847,3,171,0.002563732909038663
848,3,172,0.0028187395073473454
849,3,173,0.0028213798068463802
850,3,174,0.002788031008094549
851,3,175,0.0027425915468484163
852,3,176,0.0031328261829912663
853,3,177,0.002583831548690796
854,3,178,0.0028246045112609863
855,3,179,0.003360691713169217
856,3,180,0.0023696660064160824
857,3,181,0.002661296632140875
858,3,182,0.0034700632095336914
859,3,183,0.002822786569595337
860,3,184,0.002809846308082342
861,3,185,0.003099396824836731
862,3,186,0.0028013705741614103
863,3,187,0.0025588602293282747
864,3,188,0.0021459341514855623
865,3,189,0.0033937483094632626
866,3,190,0.0030691444408148527
867,3,191,0.00289457431063056
868,3,192,0.0026557743549346924
869,3,193,0.002350014401599765
870,3,194,0.002859765198081732
871,3,195,0.0032472521997988224
872,3,196,0.003082090523093939
873,3,197,0.0030239582993090153
874,3,198,0.0028266608715057373
875,3,199,0.0023335099685937166
876,3,200,0.0025544227100908756
877,3,201,0.0027411221526563168
878,3,202,0.0030459940899163485
879,3,203,0.002831286285072565
880,3,204,0.002857029438018799
881,3,205,0.0021752596367150545
882,3,206,0.003058397676795721
883,3,207,0.0024199546314775944
884,3,208,0.0024325489066541195
885,3,209,0.002222079085186124
886,3,210,0.0025345743633806705
887,3,211,0.002979707671329379
888,3,212,0.002404624130576849
889,3,213,0.003139662789180875
890,3,214,0.0030188411474227905
891,3,215,0.0021095157135277987
892,3,216,0.003181230975314975
893,3,217,0.0026502429973334074
894,3,218,0.002319383667781949
895,3,219,0.0024522244930267334
896,3,220,0.002839636756107211
897,3,221,0.002130186650902033
898,3,222,0.0029648065101355314
899,3,223,0.0025010318495333195
900,3,224,0.0024140893947333097
901,3,225,0.0025539398193359375
902,3,226,0.0021564066410064697
903,3,227,0.0025595487095415592
904,3,228,0.002752357628196478
905,3,229,0.002418953226879239
906,3,230,0.002241817070171237
907,3,231,0.002495676279067993
908,3,232,0.0019612133037298918
909,3,233,0.0027934969402849674
910,3,234,0.0024239481426775455
911,3,235,0.002158772898837924
912,3,236,0.00233995309099555
913,3,237,0.002293545054271817
914,3,238,0.00231359014287591
915,3,239,0.0026300966273993254
916,3,240,0.0024040043354034424
917,3,241,0.002719056559726596
918,3,242,0.0023145615123212337
919,3,243,0.0026398778427392244
920,3,244,0.002601194428279996
921,3,245,0.002360862446948886
922,3,246,0.002525234129279852
923,3,247,0.0027639896143227816
924,3,248,0.0023706674110144377
925,3,249,0.0021931231021881104
926,3,250,0.0027770281303673983
927,3,251,0.002570033073425293
928,3,252,0.002498924732208252
929,3,253,0.0024915814865380526
930,3,254,0.0020016133785247803
931,3,255,0.002077347133308649
932,3,256,0.0026630223728716373
933,3,257,0.002087277127429843
934,3,258,0.002157950308173895
935,3,259,0.0025737762916833162
936,3,260,0.0024907172191888094
937,3,261,0.0025227784644812346
938,3,262,0.0020352185238152742
939,3,263,0.0022384761832654476
940,3,264,0.0019870579708367586
941,3,265,0.0021160126198083162
942,3,266,0.0020801424980163574
943,3,267,0.0023314356803894043
944,3,268,0.001742333173751831
945,3,269,0.002725556492805481
946,3,270,0.0019069671398028731
947,3,271,0.0022072731517255306
948,3,272,0.0024353861808776855
949,3,273,0.0025427937507629395
950,3,274,0.0023020326625555754
951,3,275,0.0035124272108078003
952,3,276,0.002045250032097101
953,3,277,0.0028576552867889404
954,3,278,0.0025786818005144596
955,3,279,0.0024494826793670654
956,3,280,0.00224568834528327
957,3,281,0.001925009535625577
958,3,282,0.002220672322437167
959,3,283,0.0026180981658399105
960,3,284,0.00216293940320611
961,3,285,0.002549394965171814
962,3,286,0.0022793798707425594
963,3,287,0.0021629512775689363
964,3,288,0.002120458986610174
965,3,289,0.0021666705142706633
966,3,290,0.002433216664940119
967,3,291,0.0020233571995049715
968,3,292,0.0025120556820183992
969,3,293,0.0021299957297742367
970,3,294,0.0023721575271338224
971,3,295,0.0024343193508684635
972,3,296,0.0022533833980560303
973,3,297,0.002780783222988248
974,3,298,0.00330772390589118
975,3,299,0.002087324857711792
976,3,300,0.001886945916339755
977,3,301,0.001960074994713068
978,3,302,0.002331692026928067
979,3,303,0.0026662410236895084
980,3,304,0.0020778714679181576
981,3,305,0.0023130238987505436
982,3,306,0.0025886655785143375
983,3,307,0.001975148916244507
984,3,308,0.002063792897388339
985,3,309,0.0020586370956152678
986,3,310,0.002171420957893133
987,3,311,0.0027391850017011166
988,3,312,0.002664202358573675
989,3,313,0.0024011372588574886
990,3,314,0.002301245927810669
991,3,315,0.002420103643089533
992,3,316,0.0019451379776000977
993,3,317,0.001820248318836093
994,3,318,0.002388435648754239
995,3,319,0.0023079453967511654
996,3,320,0.0020092129707336426
997,3,321,0.0022245943546295166
998,3,322,0.0021183073986321688
999,3,323,0.002083849860355258
1000,3,324,0.002277874853461981
1001,3,325,0.0017247020732611418
1002,3,326,0.0025980949867516756
1003,3,327,0.0023327767848968506
1004,3,328,0.002519619418308139
1005,3,329,0.0020638168789446354
1006,3,330,0.002244108822196722
1007,3,331,0.0018507599597796798
1008,3,332,0.002383333398029208
1009,3,333,0.0022357464767992496
1010,3,334,0.001856344984844327
1011,3,335,0.0023152411449700594
1012,3,336,0.002168423030525446
1013,3,337,0.0015702962409704924
1014,3,338,0.001513493014499545
1015,4,1,0.002187794540077448
1016,4,2,0.0024562596809118986
1017,4,3,0.0019513368606567383
1018,4,4,0.0018708050483837724
1019,4,5,0.0019280195701867342
1020,4,6,0.00183782575186342
1021,4,7,0.0024185539223253727
1022,4,8,0.002453058958053589
1023,4,9,0.002492242958396673
1024,4,10,0.0017788410186767578
1025,4,11,0.002257248852401972
1026,4,12,0.0022791861556470394
1027,4,13,0.002598798368126154
1028,4,14,0.0019291341304779053
1029,4,15,0.0019308149348944426
1030,4,16,0.0018249035347253084
1031,4,17,0.0020846605766564608
1032,4,18,0.001742714666761458
1033,4,19,0.0020284592173993587
1034,4,20,0.0023867369163781404
1035,4,21,0.0017754733562469482
1036,4,22,0.0021864711306989193
1037,4,23,0.001971602439880371
1038,4,24,0.0015005350578576326
1039,4,25,0.0021113157272338867
1040,4,26,0.00242730975151062
1041,4,27,0.0017110466724261642
1042,4,28,0.0017193019157275558
1043,4,29,0.0019293725490570068
1044,4,30,0.0023897141218185425
1045,4,31,0.0022103427909314632
1046,4,32,0.001955705927684903
1047,4,33,0.002003788948059082
1048,4,34,0.002180087612941861
1049,4,35,0.0017836630577221513
1050,4,36,0.0018488287460058928
1051,4,37,0.002224540803581476
1052,4,38,0.0018429935444146395
1053,4,39,0.0021038949489593506
1054,4,40,0.0017850995063781738
1055,4,41,0.0017400861252099276
1056,4,42,0.002085566520690918
1057,4,43,0.0020900010131299496
1058,4,44,0.0026573152281343937
1059,4,45,0.0016764641040936112
1060,4,46,0.002016466809436679
1061,4,47,0.0020962716080248356
1062,4,48,0.002188050653785467
1063,4,49,0.0019791959784924984
1064,4,50,0.0021516024135053158
1065,4,51,0.0014952898491173983
1066,4,52,0.0020841180812567472
1067,4,53,0.0017916917568072677
1068,4,54,0.00284382700920105
1069,4,55,0.002026790287345648
1070,4,56,0.002169030951336026
1071,4,57,0.0019766688346862793
1072,4,58,0.0019522070651873946
1073,4,59,0.0017654120456427336
1074,4,60,0.002290624426677823
1075,4,61,0.0013725042808800936
1076,4,62,0.0021311521995812654
1077,4,63,0.001914569758810103
1078,4,64,0.001843094825744629
1079,4,65,0.002529579447582364
1080,4,66,0.0019916952587664127
1081,4,67,0.0020434141624718904
1082,4,68,0.0017820477951318026
1083,4,69,0.0016627550357952714
1084,4,70,0.0019821464084088802
1085,4,71,0.0016332149971276522
1086,4,72,0.0018870889907702804
1087,4,73,0.00203782320022583
1088,4,74,0.002003490924835205
1089,4,75,0.0015787541633471847
1090,4,76,0.0018041491275653243
1091,4,77,0.0017747879028320312
1092,4,78,0.0019588530994951725
1093,4,79,0.001395195722579956
1094,4,80,0.0016739725833758712
1095,4,81,0.0019058107864111662
1096,4,82,0.0020258426666259766
1097,4,83,0.0014822601806372404
1098,4,84,0.0017447948921471834
1099,4,85,0.0024972439277917147
1100,4,86,0.0014800429344177246
1101,4,87,0.0016444564098492265
1102,4,88,0.0020596920512616634
1103,4,89,0.0018770635360851884
1104,4,90,0.0017455577617511153
1105,4,91,0.0018830836052075028
1106,4,92,0.0020124793518334627
1107,4,93,0.0024066506884992123
1108,4,94,0.0018268019193783402
1109,4,95,0.0018811464542523026
1110,4,96,0.0021522282622754574
1111,4,97,0.0013172030448913574
1112,4,98,0.001720678759738803
1113,4,99,0.0016114652389660478
1114,4,100,0.0020743906497955322
1115,4,101,0.0015080332523211837
1116,4,102,0.0019627094734460115
1117,4,103,0.0019332349766045809
1118,4,104,0.0016339182620868087
1119,4,105,0.0016608595615252852
1120,4,106,0.0015645802486687899
1121,4,107,0.0015064537292346358
1122,4,108,0.0013901054626330733
1123,4,109,0.0016015053261071444
1124,4,110,0.0015172719722613692
1125,4,111,0.0015981376636773348
1126,4,112,0.001779878162778914
1127,4,113,0.002040815306827426
1128,4,114,0.0017790138954296708
1129,4,115,0.0019158959621563554
1130,4,116,0.0016918719047680497
1131,4,117,0.0013993025058880448
1132,4,118,0.001918876194395125
1133,4,119,0.001889050006866455
1134,4,120,0.0019279897678643465
1135,4,121,0.0015662908554077148
1136,4,122,0.0017587244510650635
1137,4,123,0.0020456493366509676
1138,4,124,0.0017554104560986161
1139,4,125,0.0015369057655334473
1140,4,126,0.0017029463779181242
1141,4,127,0.001497977995313704
1142,4,128,0.0014943659771233797
1143,4,129,0.0015550137031823397
1144,4,130,0.001371872378513217
1145,4,131,0.001665902091190219
1146,4,132,0.0018015385139733553
1147,4,133,0.0016472518909722567
1148,4,134,0.0017975866794586182
1149,4,135,0.0014456927310675383
1150,4,136,0.0020070732571184635
1151,4,137,0.0020666122436523438
1152,4,138,0.0014717519516125321
1153,4,139,0.0013774633407592773
1154,4,140,0.0013999759685248137
1155,4,141,0.0017290472751483321
1156,4,142,0.0023996352683752775
1157,4,143,0.0015804290305823088
1158,4,144,0.00147916073910892
1159,4,145,0.0016151487361639738
1160,4,146,0.0019290149211883545
1161,4,147,0.0013792753452435136
1162,4,148,0.0013346016639843583
1163,4,149,0.0013382077449932694
1164,4,150,0.001816564821638167
1165,4,151,0.0018509924411773682
1166,4,152,0.0013889968395233154
1167,4,153,0.001769590424373746
1168,4,154,0.0019562183879315853
1169,4,155,0.0012803853023797274
1170,4,156,0.0015227615367621183
1171,4,157,0.001333087682723999
1172,4,158,0.0017776309978216887
1173,4,159,0.00185347197111696
1174,4,160,0.0020542710553854704
1175,4,161,0.0019167959690093994
1176,4,162,0.002449941588565707
1177,4,163,0.0018628776306286454
1178,4,164,0.0014188826316967607
1179,4,165,0.0018016636604443192
1180,4,166,0.0018590927356854081
1181,4,167,0.0014749348629266024
1182,4,168,0.0014476835494861007
1183,4,169,0.0015798509120941162
1184,4,170,0.001767236040905118
1185,4,171,0.0016840279567986727
1186,4,172,0.0017763555515557528
1187,4,173,0.0023110092151910067
1188,4,174,0.0017909050220623612
1189,4,175,0.0020973861683160067
1190,4,176,0.0015412152279168367
1191,4,177,0.0016710280906409025
1192,4,178,0.0017497300868853927
1193,4,179,0.0014431953895837069
1194,4,180,0.001546073006466031
1195,4,181,0.0015217721229419112
1196,4,182,0.0017089307075366378
1197,4,183,0.0014650881057605147
1198,4,184,0.00150812859646976
1199,4,185,0.001447099493816495
1200,4,186,0.0018318891525268555
1201,4,187,0.0021442114375531673
1202,4,188,0.0019679367542266846
1203,4,189,0.0015385032165795565
1204,4,190,0.0017205476760864258
1205,4,191,0.0016039132606238127
1206,4,192,0.001750522875227034
1207,4,193,0.0012422263389453292
1208,4,194,0.0011682510375976562
1209,4,195,0.001731699681840837
1210,4,196,0.0014660954475402832
1211,4,197,0.0016966282855719328
1212,4,198,0.0016526102554053068
1213,4,199,0.001550310873426497
1214,4,200,0.0018806398147717118
1215,4,201,0.0014656663406640291
1216,4,202,0.00172415969427675
1217,4,203,0.0015539765590801835
1218,4,204,0.0019368767971172929
1219,4,205,0.0016885220538824797
1220,4,206,0.0011593997478485107
1221,4,207,0.0016806244384497404
1222,4,208,0.0018443285953253508
1223,4,209,0.0011795938480645418
1224,4,210,0.0014113306533545256
1225,4,211,0.0015179694164544344
1226,4,212,0.00175428984221071
1227,4,213,0.002360093640163541
1228,4,214,0.0018857300747185946
1229,4,215,0.0014401196967810392
1230,4,216,0.0010959922801703215
1231,4,217,0.0014402627712115645
1232,4,218,0.0025952577125281096
1233,4,219,0.0014343380462378263
1234,4,220,0.0012378990650177002
1235,4,221,0.0015960276359692216
1236,4,222,0.0013425409561023116
1237,4,223,0.001290863729082048
1238,4,224,0.0014060914982110262
1239,4,225,0.0016817301511764526
1240,4,226,0.0014020561939105392
1241,4,227,0.0017672181129455566
1242,4,228,0.0015348673332482576
1243,4,229,0.0011868774890899658
1244,4,230,0.0012493848334997892
1245,4,231,0.0017202079761773348
1246,4,232,0.0020636380650103092
1247,4,233,0.0014853656757622957
1248,4,234,0.0018273591995239258
1249,4,235,0.0017083346610888839
1250,4,236,0.0013973296154290438
1251,4,237,0.0015945613849908113
1252,4,238,0.0012867212062701583
1253,4,239,0.0014396489132195711
1254,4,240,0.0011113404761999846
1255,4,241,0.0015168130630627275
1256,4,242,0.0017094493377953768
1257,4,243,0.0010247289901599288
1258,4,244,0.0015368402237072587
1259,4,245,0.0018475831020623446
1260,4,246,0.0012866317993029952
1261,4,247,0.0013960003852844238
1262,4,248,0.0015891790390014648
1263,4,249,0.0014766454696655273
1264,4,250,0.001577484654262662
1265,4,251,0.0015755236381664872
1266,4,252,0.0011874139308929443
1267,4,253,0.0016694485675543547
1268,4,254,0.0013809024821966887
1269,4,255,0.0015040397411212325
1270,4,256,0.0015611409908160567
1271,4,257,0.0016337751876562834
1272,4,258,0.0016177237266674638
1273,4,259,0.0015868067275732756
1274,4,260,0.0018830836052075028
1275,4,261,0.0016660153632983565
1276,4,262,0.0013128041755408049
1277,4,263,0.0012774348724633455
1278,4,264,0.0014041602844372392
1279,4,265,0.0011606812477111816
1280,4,266,0.0015196085441857576
1281,4,267,0.0013805627822875977
1282,4,268,0.0012683689128607512
1283,4,269,0.0016786635387688875
1284,4,270,0.0015146136283874512
1285,4,271,0.001926678465679288
1286,4,272,0.0014335274463519454
1287,4,273,0.0018794953357428312
1288,4,274,0.001766079687513411
1289,4,275,0.0012020409340038896
1290,4,276,0.001240634941495955
1291,4,277,0.0015017688274383545
1292,4,278,0.0016837716102600098
1293,4,279,0.001269346452318132
1294,4,280,0.0012712955940514803
1295,4,281,0.0015387475723400712
1296,4,282,0.0014510512119159102
1297,4,283,0.0013519227504730225
1298,4,284,0.0012480973964557052
1299,4,285,0.0012934267288073897
1300,4,286,0.00118932721670717
1301,4,287,0.0015486717456951737
1302,4,288,0.0014984250301495194
1303,4,289,0.0013104021782055497
1304,4,290,0.0016175061464309692
1305,4,291,0.0009406507015228271
1306,4,292,0.001549667096696794
1307,4,293,0.0013525247341021895
1308,4,294,0.0013779283035546541
1309,4,295,0.0014399230713024735
1310,4,296,0.001325541757978499
1311,4,297,0.0015722035896033049
1312,4,298,0.0015788376331329346
1313,4,299,0.0015777706867083907
1314,4,300,0.0015075684059411287
1315,4,301,0.0016504883533343673
1316,4,302,0.0017948329914361238
1317,4,303,0.0015634477604180574
1318,4,304,0.0012967765796929598
1319,4,305,0.0013183593982830644
1320,4,306,0.0012224853271618485
1321,4,307,0.0014377713669091463
1322,4,308,0.0013095319736748934
1323,4,309,0.0016576230991631746
1324,4,310,0.001486277556978166
1325,4,311,0.0013479888439178467
1326,4,312,0.001755529665388167
1327,4,313,0.001387429190799594
1328,4,314,0.001392835401929915
1329,4,315,0.001125723123550415
1330,4,316,0.0016012967098504305
1331,4,317,0.001084786606952548
1332,4,318,0.0012740433448925614
1333,4,319,0.0013958632480353117
1334,4,320,0.0013342320453375578
1335,4,321,0.0015310763847082853
1336,4,322,0.0010685563320294023
1337,4,323,0.0013785123592242599
1338,4,324,0.0013817846775054932
1339,4,325,0.0014681040775030851
1340,4,326,0.0012791573535650969
1341,4,327,0.00146578554995358
1342,4,328,0.0014503002166748047
1343,4,329,0.0017189920181408525
1344,4,330,0.0013779879081994295
1345,4,331,0.0014954268699511886
1346,4,332,0.00140668754465878
1347,4,333,0.0013615429634228349
1348,4,334,0.001448303461074829
1349,4,335,0.0013330817455425858
1350,4,336,0.0013394594425335526
1351,4,337,0.001566857099533081
1352,4,338,0.0012735783820971847
1353,5,1,0.001080667949281633
1354,5,2,0.0013818979496136308
1355,5,3,0.0014253854751586914
1356,5,4,0.0017249643569812179
1357,5,5,0.001554036163724959
1358,5,6,0.0014182447921484709
1359,5,7,0.0012901902664452791
1360,5,8,0.0018007814651355147
1361,5,9,0.0014608443016186357
1362,5,10,0.001276123570278287
1363,5,11,0.001907092286273837
1364,5,12,0.0014897644286975265
1365,5,13,0.0014728009700775146
1366,5,14,0.000893968332093209
1367,5,15,0.001519370125606656
1368,5,16,0.001466602087020874
1369,5,17,0.0017233192920684814
1370,5,18,0.0018982946639880538
1371,5,19,0.0016189336311072111
1372,5,20,0.0014805436367169023
1373,5,21,0.001539468765258789
1374,5,22,0.0013099968200549483
1375,5,23,0.001298153423704207
1376,5,24,0.0017813980812206864
1377,5,25,0.0013482451904565096
1378,5,26,0.0010870039695873857
1379,5,27,0.0015882313018664718
1380,5,28,0.0012364685535430908
1381,5,29,0.0013294279342517257
1382,5,30,0.001953685190528631
1383,5,31,0.0011572301154956222
1384,5,32,0.0016827821964398026
1385,5,33,0.0017745703225955367
1386,5,34,0.0011492430930957198
1387,5,35,0.001226151012815535
1388,5,36,0.0013750672806054354
1389,5,37,0.0013120591174811125
1390,5,38,0.0012964069610461593
1391,5,39,0.0015075564151629806
1392,5,40,0.0013143897522240877
1393,5,41,0.001287013292312622
1394,5,42,0.0013310133945196867
1395,5,43,0.0015538930892944336
1396,5,44,0.0016384124755859375
1397,5,45,0.0013375520939007401
1398,5,46,0.0012068391079083085
1399,5,47,0.0013653695350512862
1400,5,48,0.0011206805938854814
1401,5,49,0.001275390386581421
1402,5,50,0.0017279625171795487
1403,5,51,0.0011719524627551436
1404,5,52,0.0015074670081958175
1405,5,53,0.001224082661792636
1406,5,54,0.0012130439281463623
1407,5,55,0.0012292921310290694
1408,5,56,0.0012977480655536056
1409,5,57,0.0014996587997302413
1410,5,58,0.0012434006202965975
1411,5,59,0.0013061880599707365
1412,5,60,0.0012027680641040206
1413,5,61,0.001822692109271884
1414,5,62,0.0015179574256762862
1415,5,63,0.0015422046417370439
1416,5,64,0.0014617741107940674
1417,5,65,0.0014085114235058427
1418,5,66,0.001587170409038663
1419,5,67,0.0013174533378332853
1420,5,68,0.001749679446220398
1421,5,69,0.0014837265480309725
1422,5,70,0.0013965129619464278
1423,5,71,0.0012469112407416105
1424,5,72,0.0015429079066962004
1425,5,73,0.0015778004890307784
1426,5,74,0.0012894272804260254
1427,5,75,0.0015516221756115556
1428,5,76,0.0012637495528906584
1429,5,77,0.0011563062435016036
1430,5,78,0.0014864981640130281
1431,5,79,0.001278996467590332
1432,5,80,0.0017650544177740812
1433,5,81,0.001402825117111206
1434,5,82,0.0015629887348040938
1435,5,83,0.0016201138496398926
1436,5,84,0.001861524535343051
1437,5,85,0.0010388672817498446
1438,5,86,0.0017377793556079268
1439,5,87,0.0016030013794079423
1440,5,88,0.0011749208206310868
1441,5,89,0.0015203714137896895
1442,5,90,0.001613616943359375
1443,5,91,0.001435059355571866
1444,5,92,0.0011820972431451082
1445,5,93,0.0012245118850842118
1446,5,94,0.0013425946235656738
1447,5,95,0.0015634477604180574
1448,5,96,0.0011289238464087248
1449,5,97,0.0012536465656012297
1450,5,98,0.0013857424492016435
1451,5,99,0.0013146221172064543
1452,5,100,0.0013289094204083085
1453,5,101,0.0013011277187615633
1454,5,102,0.001567715429700911
1455,5,103,0.0014530479675158858
1456,5,104,0.001271325396373868
1457,5,105,0.0012204587692394853
1458,5,106,0.0012948394287377596
1459,5,107,0.0013478457694873214
1460,5,108,0.0012008249759674072
1461,5,109,0.0012053071986883879
1462,5,110,0.0014524459838867188
1463,5,111,0.0018620789051055908
1464,5,112,0.0012830973137170076
1465,5,113,0.0014982878929004073
1466,5,114,0.0012903272872790694
1467,5,115,0.001321512507274747
1468,5,116,0.0011265098582953215
1469,5,117,0.0015592575073242188
1470,5,118,0.0010760485893115401
1471,5,119,0.0011580229038372636
1472,5,120,0.001338183879852295
1473,5,121,0.0013157904613763094
1474,5,122,0.0016552985180169344
1475,5,123,0.0011075020302087069
1476,5,124,0.0012756765354424715
1477,5,125,0.0012436747783795
1478,5,126,0.0013435781002044678
1479,5,127,0.0016955018509179354
1480,5,128,0.001028680824674666
1481,5,129,0.0010899842018261552
1482,5,130,0.0013593018520623446
1483,5,131,0.0012039601569995284
1484,5,132,0.0012195110321044922
1485,5,133,0.0012861669529229403
1486,5,134,0.0010589301818981767
1487,5,135,0.0012014389503747225
1488,5,136,0.0014456391800194979
1489,5,137,0.001416623592376709
1490,5,138,0.0016051947604864836
1491,5,139,0.0011256992584094405
1492,5,140,0.0011821091175079346
1493,5,141,0.0012956619029864669
1494,5,142,0.0010756254196166992
1495,5,143,0.001100814319215715
1496,5,144,0.0012876808177679777
1497,5,145,0.0013019442558288574
1498,5,146,0.001344054937362671
1499,5,147,0.0013847171794623137
1500,5,148,0.0014470636378973722
1501,5,149,0.0016164183616638184
1502,5,150,0.001082050846889615
1503,5,151,0.00105277297552675
1504,5,152,0.0015078962314873934
1505,5,153,0.001417869352735579
1506,5,154,0.0009584546205587685
1507,5,155,0.001201927661895752
1508,5,156,0.0010064959060400724
1509,5,157,0.0012794792419299483
1510,5,158,0.0015834986697882414
1511,5,159,0.0010847091907635331
1512,5,160,0.001238280558027327
1513,5,161,0.0011428833240643144
1514,5,162,0.0010685145389288664
1515,5,163,0.0014144063461571932
1516,5,164,0.0012519240844994783
1517,5,165,0.0009935975540429354
1518,5,166,0.0010955214966088533
1519,5,167,0.0015604079235345125
1520,5,168,0.0013103305827826262
1521,5,169,0.0013567924033850431
1522,5,170,0.0013736188411712646
1523,5,171,0.0013273239601403475
1524,5,172,0.0012736618518829346
1525,5,173,0.001119714928790927
1526,5,174,0.0016392708057537675
1527,5,175,0.0012637197505682707
1528,5,176,0.001146030379459262
1529,5,177,0.0010318339336663485
1530,5,178,0.0010874152649194002
1531,5,179,0.001188564347103238
1532,5,180,0.0017545133596286178
1533,5,181,0.0013918637996539474
1534,5,182,0.0009558856254443526
1535,5,183,0.0016697704559192061
1536,5,184,0.0012636780738830566
1537,5,185,0.0011549890041351318
1538,5,186,0.0014757036697119474
1539,5,187,0.001168918563053012
1540,5,188,0.0008833348983898759
1541,5,189,0.001223105238750577
1542,5,190,0.001656180596910417
1543,5,191,0.0013735175598412752
1544,5,192,0.0013374388217926025
1545,5,193,0.0010328709613531828
1546,5,194,0.0011643588077276945
1547,5,195,0.0013297200202941895
1548,5,196,0.0012978434097021818
1549,5,197,0.0012366533046588302
1550,5,198,0.0013460576301440597
1551,5,199,0.0012998997699469328
1552,5,200,0.0012674748431891203
1553,5,201,0.001322370721027255
1554,5,202,0.001165282679721713
1555,5,203,0.0014607071643695235
1556,5,204,0.0013892233837395906
1557,5,205,0.0010021984344348311
1558,5,206,0.001430934644304216
1559,5,207,0.0013000607723370194
1560,5,208,0.0012960731983184814
1561,5,209,0.001299780560657382
1562,5,210,0.0012005448807030916
1563,5,211,0.0013008475070819259
1564,5,212,0.0014118015533313155
1565,5,213,0.0015884221065789461
1566,5,214,0.0013653815258294344
1567,5,215,0.0012485980987548828
1568,5,216,0.001076257205568254
1569,5,217,0.0009937882423400879
1570,5,218,0.0012167930835857987
1571,5,219,0.0013235688675194979
1572,5,220,0.001063275383785367
1573,5,221,0.0013756335247308016
1574,5,222,0.0014787554973736405
1575,5,223,0.0010829090606421232
1576,5,224,0.001115864492021501
1577,5,225,0.0013105630641803145
1578,5,226,0.0012410938506945968
1579,5,227,0.0011991501087322831
1580,5,228,0.0014026581775397062
1581,5,229,0.0009331405162811279
1582,5,230,0.0011264383792877197
1583,5,231,0.0013870358234271407
1584,5,232,0.0012784898281097412
1585,5,233,0.0011905968422070146
1586,5,234,0.0014476716751232743
1587,5,235,0.0011845171684399247
1588,5,236,0.0012643277877941728
1589,5,237,0.0014073491329327226
1590,5,238,0.0009972095722332597
1591,5,239,0.0013568282593041658
1592,5,240,0.0014519572723656893
1593,5,241,0.0011625945335254073
1594,5,242,0.0011793136363849044
1595,5,243,0.0010419487953186035
1596,5,244,0.0014736950397491455
1597,5,245,0.0013762771850451827
1598,5,246,0.001121097826398909
1599,5,247,0.0013003289932385087
1600,5,248,0.001139652682468295
1601,5,249,0.001194089651107788
1602,5,250,0.0012845933670178056
1603,5,251,0.0011811077129095793
1604,5,252,0.0013530313735827804
1605,5,253,0.0013782561291009188
1606,5,254,0.0014303505886346102
1607,5,255,0.0010259449481964111
1608,5,256,0.0010020912159234285
1609,5,257,0.0011096656089648604
1610,5,258,0.001057016896083951
1611,5,259,0.001228970242664218
1612,5,260,0.0010570824379101396
1613,5,261,0.001640963600948453
1614,5,262,0.0011057734955102205
1615,5,263,0.0013981222873553634
1616,5,264,0.001271367073059082
1617,5,265,0.0014820694923400879
1618,5,266,0.0012518822913989425
1619,5,267,0.0012616872554644942
1620,5,268,0.0010603010887280107
1621,5,269,0.0011440872913226485
1622,5,270,0.001603460288606584
1623,5,271,0.0012399256229400635
1624,5,272,0.0014317333698272705
1625,5,273,0.0011027693981304765
1626,5,274,0.0011582791339606047
1627,5,275,0.0012767851585522294
1628,5,276,0.0012371778720989823
1629,5,277,0.001036614179611206
1630,5,278,0.0014209210639819503
1631,5,279,0.0015375018119812012
1632,5,280,0.0014585137832909822
1633,5,281,0.001045566750690341
1634,5,282,0.0011336624156683683
1635,5,283,0.001420181943103671
1636,5,284,0.0009733795886859298
1637,5,285,0.0010980427032336593
1638,5,286,0.0013091980945318937
1639,5,287,0.0011882304679602385
1640,5,288,0.0011939645046368241
1641,5,289,0.001295286463573575
1642,5,290,0.001140165375545621
1643,5,291,0.00141066312789917
1644,5,292,0.0021605342626571655
1645,5,293,0.001229655696079135
1646,5,294,0.0012421191204339266
1647,5,295,0.001182985259220004
1648,5,296,0.0015834808582440019
1649,5,297,0.0012052953243255615
1650,5,298,0.0013849616516381502
1651,5,299,0.0016980171203613281
1652,5,300,0.001151269651018083
1653,5,301,0.001035451889038086
1654,5,302,0.0015751898754388094
1655,5,303,0.0014429449802264571
1656,5,304,0.0009579777834005654
1657,5,305,0.001334035419858992
1658,5,306,0.0017008662689477205
1659,5,307,0.0012492239475250244
1660,5,308,0.0015554875135421753
1661,5,309,0.0009553491836413741
1662,5,310,0.0009489476797170937
1663,5,311,0.0010654448997229338
1664,5,312,0.0011020958190783858
1665,5,313,0.0011005580890923738
1666,5,314,0.0011240362655371428
1667,5,315,0.0013497114414349198
1668,5,316,0.0010498643387109041
1669,5,317,0.0013404667843133211
1670,5,318,0.0012735665077343583
1671,5,319,0.0014767199754714966
1672,5,320,0.0012448846828192472
1673,5,321,0.0012066662311553955
1674,5,322,0.0012134670978412032
1675,5,323,0.0013260483974590898
1676,5,324,0.001249164342880249
1677,5,325,0.0009139895555563271
1678,5,326,0.0010228634346276522
1679,5,327,0.0012530982494354248
1680,5,328,0.0011759937042370439
1681,5,329,0.0012769282329827547
1682,5,330,0.0010764896869659424
1683,5,331,0.0011847317218780518
1684,5,332,0.00145635602530092
1685,5,333,0.0011753082508221269
1686,5,334,0.0013551414012908936
1687,5,335,0.00117484328802675
1688,5,336,0.0011134088272228837
1689,5,337,0.0013139307266101241
1690,5,338,0.0012232005828991532
